blind_id,usefulness_0_to_3,unsupported_claims,repeated_question_or_test,route_fit,reviewer,reason
review-1,,,,,,
review-2,,,,,,
review-3,,,,,,
review-4,,,,,,
review-5,,,,,,
review-6,,,,,,
review-7,,,,,,
review-8,,,,,,
review-9,,,,,,
review-10,,,,,,
review-11,,,,,,
review-12,,,,,,
review-13,,,,,,
review-14,,,,,,
review-15,,,,,,
review-16,,,,,,
review-17,,,,,,
review-18,,,,,,
review-19,,,,,,
review-20,,,,,,
review-21,,,,,,
review-22,,,,,,
review-23,,,,,,
review-24,,,,,,
review-25,,,,,,
review-26,,,,,,
review-27,,,,,,
review-28,,,,,,
review-29,,,,,,
review-30,,,,,,
review-31,,,,,,
review-32,,,,,,
review-33,,,,,,
review-34,,,,,,
review-35,,,,,,
review-36,,,,,,
review-37,,,,,,
review-38,,,,,,
review-39,,,,,,
review-40,,,,,,
review-41,,,,,,
review-42,,,,,,
review-43,,,,,,
review-44,,,,,,
review-45,,,,,,
review-46,,,,,,
review-47,,,,,,
review-48,,,,,,
review-49,,,,,,
review-50,,,,,,
review-51,,,,,,
review-52,,,,,,
review-53,,,,,,
review-54,,,,,,
review-55,,,,,,
review-56,,,,,,
review-57,,,,,,
review-58,,,,,,
review-59,,,,,,
review-60,,,,,,
review-61,,,,,,
review-62,,,,,,
review-63,,,,,,
review-64,,,,,,
review-65,,,,,,
review-66,,,,,,
review-67,,,,,,
review-68,,,,,,
review-69,,,,,,
review-70,,,,,,
review-71,,,,,,
review-72,,,,,,
review-73,,,,,,
review-74,,,,,,
review-75,,,,,,
review-76,,,,,,
review-77,,,,,,
review-78,,,,,,
review-79,,,,,,
review-80,,,,,,
review-81,,,,,,
review-82,,,,,,
review-83,,,,,,
review-84,,,,,,
