case_id,variant,response_sha256,inappropriate_acceptance,false_rejection_of_useful_draft,unnecessary_escalation,necessary_escalation,repeated_question_or_experiment,existing_and_missing_information,version_semantic_fit,citation_semantic_support,feature_proposal_quality,reason,reviewer
GH9218,previous,7b222e75bfbff5d0ef904421d7683ccbc63cd71e920462489747d494c9278e39,,,,,,,,,,,
GH11528,previous,3ec71995047ac377828e377f7c313810ab1f9556a8cf45404eff6da97428a1d8,,,,,,,,,,,
GH12607,previous,696e6fdf1235bfa77ef3a0ec3db72b90158fd0f2c3cd26bcdfe97a4869457297,,,,,,,,,,,
GH14593,previous,79377f8b691edd525933bd199792e370545dc1215a62995806fcc064957d8ebc,,,,,,,,,,,
GH14710,previous,0beb58389fa9cb1ccaf2b6ac454ccd1874f22d8558b7a980ade64948e367b475,,,,,,,,,,,
GH13466,previous,297a5ff2a4de286ec6502bca840e53ac6b03e828fb282156f30906eac33cdcc9,,,,,,,,,,,
GH13341,previous,c3c84dbb4c5404fa9c34faeaff7ca02c8e07eda91378f334b46755a948bc744c,,,,,,,,,,,
GH13111,previous,569b7c99048dce1cdc0b583f28fff5901bdafbace8294b6f2b056cfd4889da76,,,,,,,,,,,
GH13487,previous,2ca2ad0bb5360b4676c12a9508533d00a3cb14470efaf02b836dd6384f8e303a,,,,,,,,,,,
GH13307,previous,20d6089d8a17d6dd43840f4ec1a3ee5e4024cb787675d0fac67bde182a0d0b1d,,,,,,,,,,,
GH13242,previous,f9686f3b0e04ea0f6d32f65058123ffd302948a5416c2681ebebad89fac57c83,,,,,,,,,,,
GH13068,previous,5c4a0723eaacc2ca943d04d63c781e0e7022da51cd0fc72c04b06608161b8cc2,,,,,,,,,,,
GH12905,previous,26d2eae961f4b9c96fd626de075e5b5bc4f172946e0f0bdbaab41561fd616960,,,,,,,,,,,
GH12477,previous,fa24ce62a670330ca2eca4270e3d478814c49c22eec8f1e87298b86d9e1dd970,,,,,,,,,,,
GH13165,previous,fc09388084c906d4aa785484ce2870bf68e6c75efe313ef2ca8a228de18832e1,,,,,,,,,,,
GH13065,previous,297a5ff2a4de286ec6502bca840e53ac6b03e828fb282156f30906eac33cdcc9,,,,,,,,,,,
GH12800,previous,22c37be6e925b1bc1b6821de60527940dc5aeafb9024975360549269d52ad59f,,,,,,,,,,,
GH13332,previous,f00f144edf6e5d1337d7f91d24092f92fe3da82453b80a01c075eecc86e1c898,,,,,,,,,,,
GH13189,previous,a08d9dae3ad9862608821e0689fdabd70abe1b7de85195c2b74e718e194c8179,,,,,,,,,,,
GH13096,previous,89e743cb3a171a83779c2722b9efbf4b9e79698f6c26fb56610914ede5780c44,,,,,,,,,,,
GH17195,previous,cca2553ffd1fec822ce8e569018dd0868ad79717f7b9690bc3b400431b2829f7,,,,,,,,,,,
GH17011,previous,9d88af471dfafe92830aeed9a606c3001286129d34cae2e0ed2193b4cffe2506,,,,,,,,,,,
GH16888,previous,e982e995bbc704df6ef3795c407ac905ba22ff5cfb08e491e104e23cdc884266,,,,,,,,,,,
GH17127,previous,16b8762b1fd39395934aae64e1b8e3a57c2d30db7bbdf7e305582101b0b65f2a,,,,,,,,,,,
GH17006,previous,f98ce7df05165c8e96f0f196c8700c0cc8f7db7cc8f0a15ec70d73a5e7434e00,,,,,,,,,,,
GH16773,previous,f32328b8abfe6e5350240d92b12abe9c88792c5998b28bd50582235d2c4a56b2,,,,,,,,,,,
GH17234,previous,b1422077e1e2ed02584bc3230fe373fbb771e0172a288523871624190ff92ede,,,,,,,,,,,
GH16691,previous,26d2eae961f4b9c96fd626de075e5b5bc4f172946e0f0bdbaab41561fd616960,,,,,,,,,,,
GH16631,previous,3afe54206df4ae167668efb822a11bb1f1ea566f7b7f831523064312766463da,,,,,,,,,,,
GH17265,previous,5faec8888996f349d07f910c0fe63b96008cc9159343b826300c5f2e131e0287,,,,,,,,,,,
GH17142,previous,fe65806c916715d6a291b093a8864a21772cd504b0175dae83df27075322f514,,,,,,,,,,,
GH17133,previous,e458adb5c60dd3223d419b0e7ee0b7cbd662d7341be98fe78f417ddcdefc2829,,,,,,,,,,,
GH16481,previous,2bf2a9649a36a1aff7824d57fd8bcf27669988acefc1bdeb78dfa2a58de7e050,,,,,,,,,,,
GH16149,previous,5bc397f91745dc6946fa20ec51ca97d103f914f3dcb8a99d4572ac0d32b934d5,,,,,,,,,,,
GH16085,previous,e1414a5fbff0d561b729329ed57587942362f5d4a63ae8135800378da50fe57e,,,,,,,,,,,
GH9218,revised,7b222e75bfbff5d0ef904421d7683ccbc63cd71e920462489747d494c9278e39,,,,,,,,,,,
GH11528,revised,3ec71995047ac377828e377f7c313810ab1f9556a8cf45404eff6da97428a1d8,,,,,,,,,,,
GH12607,revised,193e94d5a0ef197690c97591ec43c4fd6ac8c2c69a54ec1fea6a75e5d93812ce,,,,,,,,,,,
GH14593,revised,79377f8b691edd525933bd199792e370545dc1215a62995806fcc064957d8ebc,,,,,,,,,,,
GH14710,revised,0beb58389fa9cb1ccaf2b6ac454ccd1874f22d8558b7a980ade64948e367b475,,,,,,,,,,,
GH13466,revised,87ba00237c3cbb343063a715d2be45050fdc8017922c9b8d5b7ad07d46603164,,,,,,,,,,,
GH13341,revised,c3c84dbb4c5404fa9c34faeaff7ca02c8e07eda91378f334b46755a948bc744c,,,,,,,,,,,
GH13111,revised,569b7c99048dce1cdc0b583f28fff5901bdafbace8294b6f2b056cfd4889da76,,,,,,,,,,,
GH13487,revised,2ca2ad0bb5360b4676c12a9508533d00a3cb14470efaf02b836dd6384f8e303a,,,,,,,,,,,
GH13307,revised,15403d69801b64412ef77216a2b33f2d5e7dbfc0f8448853b28a7fecc3ce8cd3,,,,,,,,,,,
GH13242,revised,9b0da627ce132ea6648b51ceee2251476acac9aa3f0fcafefa56b3416f000412,,,,,,,,,,,
GH13068,revised,2be54974b0f044178fc9fd90520d12cde14cccd1921e394a9da1b753adc10ffc,,,,,,,,,,,
GH12905,revised,26d2eae961f4b9c96fd626de075e5b5bc4f172946e0f0bdbaab41561fd616960,,,,,,,,,,,
GH12477,revised,f3c94613e22080ae5b853774c46ba465de50989d74033062f157fd77c4b528ca,,,,,,,,,,,
GH13165,revised,fc09388084c906d4aa785484ce2870bf68e6c75efe313ef2ca8a228de18832e1,,,,,,,,,,,
GH13065,revised,d6890a3accf5f0eef75f15be5b2edd3f96a0801494431fbb9fc960a1b61896c5,,,,,,,,,,,
GH12800,revised,22c37be6e925b1bc1b6821de60527940dc5aeafb9024975360549269d52ad59f,,,,,,,,,,,
GH13332,revised,a83560ab2aa5ca04145fc380a24415bface3369562cfe61d705262a5fcf099fe,,,,,,,,,,,
GH13189,revised,a08d9dae3ad9862608821e0689fdabd70abe1b7de85195c2b74e718e194c8179,,,,,,,,,,,
GH13096,revised,f00deaf23f76995963c5c8d66a711587808f9a38896bde1f099ea814827f43ac,,,,,,,,,,,
GH17195,revised,cca2553ffd1fec822ce8e569018dd0868ad79717f7b9690bc3b400431b2829f7,,,,,,,,,,,
GH17011,revised,9d88af471dfafe92830aeed9a606c3001286129d34cae2e0ed2193b4cffe2506,,,,,,,,,,,
GH16888,revised,08a9b30ec6360db4a68095ad82f93b1ef5d30375dce44458a28a653342f0bbe2,,,,,,,,,,,
GH17127,revised,16b8762b1fd39395934aae64e1b8e3a57c2d30db7bbdf7e305582101b0b65f2a,,,,,,,,,,,
GH17006,revised,f98ce7df05165c8e96f0f196c8700c0cc8f7db7cc8f0a15ec70d73a5e7434e00,,,,,,,,,,,
GH16773,revised,f32328b8abfe6e5350240d92b12abe9c88792c5998b28bd50582235d2c4a56b2,,,,,,,,,,,
GH17234,revised,b1422077e1e2ed02584bc3230fe373fbb771e0172a288523871624190ff92ede,,,,,,,,,,,
GH16691,revised,26d2eae961f4b9c96fd626de075e5b5bc4f172946e0f0bdbaab41561fd616960,,,,,,,,,,,
GH16631,revised,0f2a5c0e78a33b97c8321618ad65bb8551b215e0a36a2ff8f0014d894dba6da3,,,,,,,,,,,
GH17265,revised,5faec8888996f349d07f910c0fe63b96008cc9159343b826300c5f2e131e0287,,,,,,,,,,,
GH17142,revised,fe65806c916715d6a291b093a8864a21772cd504b0175dae83df27075322f514,,,,,,,,,,,
GH17133,revised,2d8862684a95dbece154376bd322debf69ef43a78200fdb09ce572d2348dcd7c,,,,,,,,,,,
GH16481,revised,ddfff0bcc21b2d0730367dcfb46a45c70c71f38ff9d484de6e28e442dc1758c4,,,,,,,,,,,
GH16149,revised,5bc397f91745dc6946fa20ec51ca97d103f914f3dcb8a99d4572ac0d32b934d5,,,,,,,,,,,
GH16085,revised,d2f712781eb3cfeb1f3dc7ad9b58065123ad359e53760ffb146d34a1baedc0f4,,,,,,,,,,,
