id,variant,response_sha256,overall,next_step_usefulness,repeated_question_or_experiment,information_inventory_score,citation_support_scores,necessary_escalation,unnecessary_escalation,feature_proposal_quality,inappropriate_acceptance,false_rejection_of_useful_whole_draft,version_semantic_fit,reason,reviewer
GH16085,previous,4bfc152d5f69060e39e51631d18c6decb59d0f0d860d550e3ddfc4d5f4ca24c9,1,0,,0,[],True,False,0,,,,ارجاع: خطای ارائه‌دهنده حفظ شده و دوباره اجرا نشده است؛ درخواست SPLOM، لایه‌های انتخاب و PR موجود به پیشنهاد اختصاصی تبدیل نشده‌اند.,دستیار هوش مصنوعیِ مشارکت‌کننده در پیاده‌سازی
GH16149,previous,662a527654b03067fe9fd6a6ce44b96e1e77127660c80286445fdf5756c26942,1,0,,0,[],,,,,,,ارجاع: گزارش کنتراست به خطای داور و گام عمومی منتهی شده؛ هیچ آزمون متمایزکنندهٔ قالب یا رنگ ارائه نشده است. تصویر و صفحهٔ Playground در این بازبینی اجرا نشده‌اند.,دستیار هوش مصنوعیِ مشارکت‌کننده در پیاده‌سازی
GH16149,revised,6217a303e82bd56cc9ed1a4b2f95f487ea8dfe62a241e3dc44c167873ce4cfce,1,1,,1,[],,,,,,,ارجاع: محیط و نسبت گزارش‌شده حفظ شده‌اند. درخواست CSS/HTML می‌تواند جزء مفید داشته باشد، ولی پیش‌نویس نهایی نبود دسترسی به آن را فرض می‌کند و استناد یتیم دارد. شاهد تازگی، وجود مسئله در گزارش را با پاسخ‌داده‌شدن درخواست CSS مخلوط کرده است.,دستیار هوش مصنوعیِ مشارکت‌کننده در پیاده‌سازی
GH16481,previous,662a527654b03067fe9fd6a6ce44b96e1e77127660c80286445fdf5756c26942,1,0,,0,[],True,False,0,,,,ارجاع: خطای داور محفوظ است، اما حالت pills و حفظ رفتار تب‌ها و سازگاری پیش‌فرض به پیشنهاد مشخص تبدیل نشده‌اند.,دستیار هوش مصنوعیِ مشارکت‌کننده در پیاده‌سازی
GH16481,revised,325381850b1eb54c3cd4fa3baaf466101bb37c2f858ca489bd0950670175f9d8,1,1,,1,[],True,False,0,,,,قابلیت: پیش‌نویس پیشنهاد ساخت‌یافتهٔ مفیدی با تغییر فقط ظاهر و حفظ رفتار داشت. داور نبود API پیشنهادی در نسخهٔ جاری را ایراد می‌گیرد؛ این دلیل نادرست است. بااین‌حال استناد یتیم هم وجود دارد، پس رد کل پیش‌نویس را به‌طور قطعی مثبت کاذب نمی‌شماریم. پیشنهاد مفید در fallback حذف شده است.,دستیار هوش مصنوعیِ مشارکت‌کننده در پیاده‌سازی
GH16631,previous,8c2f2e2fa9ef404d7fac59e67ccd90f3b09dfc912afb03de15fb6a0012adb2a9,0,0,True,0,[0],,,,True,,,تکرار: هدر خراب دقیق و هدر مطلوب هر دو در گزارش هستند؛ پاسخ خلاف متن می‌گوید نمونهٔ دقیق هدر ارائه نشده است. استناد debug پرونده‌ای با نسخهٔ 1.52.2 پشتیبانی معنایی ندارد.,دستیار هوش مصنوعیِ مشارکت‌کننده در پیاده‌سازی
GH16631,revised,3ca5c1daca3de5569f6393558f2e9c4052ee4b65c388709f0753475b64fd3ba3,1,1,,0,[],,,,,,,اطلاعات: عنوان مشکل درست است، ولی نسخهٔ فعلی 1.61.1 کنار تاریخچهٔ 1.60.0 به None تبدیل شده است. ارجاع هدر واقعی، جهت اصلاح و شرط پذیرش را نگه نمی‌دارد؛ پیش‌نویس نتیجهٔ اصلاحی را می‌خواهد که اجرای آن گزارش نشده است.,دستیار هوش مصنوعیِ مشارکت‌کننده در پیاده‌سازی
GH16691,previous,662a527654b03067fe9fd6a6ce44b96e1e77127660c80286445fdf5756c26942,1,0,,0,[],,,,,,,ارجاع: خطای داور و مرز تأیید حفظ شده‌اند؛ تفاوت نام فیلد multipart و filename و پیشنهاد نام ثابت تحویل داده نمی‌شود.,دستیار هوش مصنوعیِ مشارکت‌کننده در پیاده‌سازی
GH16691,revised,43c4c23740db2acefdf08068428faca58604967ea8d0633ad2a9dd06735be78f,1,1,,1,[],,,,,,,ارجاع: مسئله و محیط درست‌اند، ولی نام ثابت file و آزمون حفظ filename/path در بستهٔ نهایی نیست. پرسش پیش‌نویس درباره نسخه‌های قدیمی بدون نسخه یا شرط مشخص، بهترین گام برای این پیشنهاد محدود نیست.,دستیار هوش مصنوعیِ مشارکت‌کننده در پیاده‌سازی
GH16773,previous,ef7db8b26952fed09eba108aa4b2064185a8e6a8f5da0d97fc7de91d9de8fac8,1,0,,0,[],,,,,,,ارجاع: خطای انتخاب استناد حفظ شده، ولی تفاوت نوع ایستا، مقدار None و اثر step=1 به گام مشخص تبدیل نشده است.,دستیار هوش مصنوعیِ مشارکت‌کننده در پیاده‌سازی
GH16773,revised,eb2503ea321268c8a8eff9767d3c0ee101d686bad2cd90f5bd3c54e5c793dc6b,1,1,False,1,[],,,,False,,,پرسش: نمونهٔ با step=1 خواسته شده؛ نتیجهٔ بررسی نوع ایستا قبلاً آمده، ولی نوع زمان اجرا با این شرط صریح نیست. پرسش می‌توانست این تمایز را مشخص کند؛ درخواست نمونهٔ کامل برای افزودن یک پارامتر فایدهٔ محدودی دارد.,دستیار هوش مصنوعیِ مشارکت‌کننده در پیاده‌سازی
GH16888,previous,662a527654b03067fe9fd6a6ce44b96e1e77127660c80286445fdf5756c26942,1,0,,0,[],True,False,0,,,,ارجاع: خطای داور حفظ شده و ادعای رفع ندارد، اما هیچ شرح اختصاصی از درخواست DBSC، محدودیت مرورگر یا شرط پذیرش تحویل نمی‌دهد.,دستیار هوش مصنوعیِ مشارکت‌کننده در پیاده‌سازی
GH16888,revised,86f84ab57738827b4aca8e23c6780480e1759176e89281cd880f9915770c3f0e,1,1,,1,[],True,False,0,,,,قابلیت: هدف opt-in برای جلوگیری از استفادهٔ کوکی روی دستگاه دیگر شناخته شده، اما پیشنهاد ساخت‌یافته و آزمون پذیرش از پاسخ نهایی حذف شده‌اند. پیش‌نویس به اشتباه پیاده‌سازی پیشنهادی را موجود می‌داند.,دستیار هوش مصنوعیِ مشارکت‌کننده در پیاده‌سازی
GH17006,previous,662a527654b03067fe9fd6a6ce44b96e1e77127660c80286445fdf5756c26942,1,0,,0,[],,,,,,,ارجاع: خطای داور محفوظ است، ولی رفتار انتخاب چند ستون و درخواست هشدار یا خطا در بستهٔ تحویلی توضیح داده نمی‌شود.,دستیار هوش مصنوعیِ مشارکت‌کننده در پیاده‌سازی
GH17006,revised,5d87bacbfae07ea950660b996b9daf1e9d868998b664f11a40956b078c45bce9,1,1,,1,[],,,,,,,ارجاع: ابهام انتخاب ستون و محیط حفظ شده‌اند، اما درخواست هشدار یا خطا و شرط پذیرش در ارجاع نیست. پیش‌نویس اصلاح‌شده اجرای چندباره را دوباره می‌خواهد، درحالی‌که تفاوت در اجراها از قبل گفته شده است.,دستیار هوش مصنوعیِ مشارکت‌کننده در پیاده‌سازی
GH17011,previous,d97a5a2f9902bf73b8a90f477e2ab4fac60e162ef1b054fca55237e8325c40b8,0,1,False,1,[0],,,,True,,,پشتیبانی: درخواست لاگ کامل می‌تواند تازه باشد، ولی پاسخ محدودیت فرگمنت موازی را به نمونه‌ای نسبت می‌دهد که گزینهٔ اجرای موازی ندارد. نقل‌قول و فرضیه علت این نمونه را ثابت نمی‌کنند.,دستیار هوش مصنوعیِ مشارکت‌کننده در پیاده‌سازی
GH17011,revised,7c155a1f7bfed5d6df7bb2e63e2ed0a2d03c55f5ccb4b660f5981599e0bdc72b,1,1,,1,[],,,,,,,ارجاع: محیط فعلی حفظ شده، ولی آزمایش موفق 1.57.0 و ناموفق 1.58.0 در حافظهٔ آزمایش‌ها و متن ارجاع دیده نمی‌شوند. خطای diagnostic به گام عمومی منتهی شده است.,دستیار هوش مصنوعیِ مشارکت‌کننده در پیاده‌سازی
GH17127,previous,662a527654b03067fe9fd6a6ce44b96e1e77127660c80286445fdf5756c26942,1,0,,0,[],,,,,,,ارجاع: پاسخ عمومی و بدون ادعای تأییدشده تحویل شده، اما اندازه‌ها، آزمون axe و گام بررسی استایل را خلاصه نمی‌کند.,دستیار هوش مصنوعیِ مشارکت‌کننده در پیاده‌سازی
GH17127,revised,d92d5fe2eeb874c24a1cc88667474f657098f9335dcea0e10cc6dd5108d39d05,0,1,,1,[0],,,,True,,,پشتیبانی: پاسخ با تصمیم answer پذیرفته شده، ولی نقل‌قول فقط استفاده از glide-data-grid را می‌گوید و اندازهٔ دکمه، WCAG یا تضمین بهبود با 24 پیکسل را پشتیبانی نمی‌کند. گزارش کاربر به شاهد مستقل تبدیل شده است.,دستیار هوش مصنوعیِ مشارکت‌کننده در پیاده‌سازی
GH17133,previous,662a527654b03067fe9fd6a6ce44b96e1e77127660c80286445fdf5756c26942,1,0,,0,[],True,False,0,,,,ارجاع: پاسخ عمومی است و زمان آخرین کش یا خروجی timestamp را به پیشنهاد نگه‌دارنده تبدیل نمی‌کند.,دستیار هوش مصنوعیِ مشارکت‌کننده در پیاده‌سازی
GH17133,revised,36fa8eb8876b4bb02d74560f1e5b7c5030b8762636c0e9f4ee4eda0c71482334,1,1,,1,[],True,False,0,,,,قابلیت: موضوع cached_function.time درست است، ولی پیش‌نویس نمونهٔ API هنوز ساخته‌نشده را می‌خواهد و امکان‌پذیری را فرض می‌گیرد. بستهٔ feature دارای رفتار مطلوب و پذیرش بود، اما در fallback نهایی حذف شده است.,دستیار هوش مصنوعیِ مشارکت‌کننده در پیاده‌سازی
GH17142,previous,b9ae148d262358e8748f540811537f46be46b56cdbefb44b49ae0181a9519b17,0,0,True,0,[1],,,0,True,,,قابلیت: کاربر زمان‌بندی مرکزی را به‌عنوان API پیشنهادی و با sketch داده؛ پاسخ نمونهٔ کدِ قابلیت هنوز ساخته‌نشده را می‌خواهد. run_every به‌تنهایی نبود هر راه مرکزی را ثابت نمی‌کند.,دستیار هوش مصنوعیِ مشارکت‌کننده در پیاده‌سازی
GH17142,revised,da830c1594b14f9a054fdcfc389a8a98fc159c237608a0cb2de3c8daa745fb58,1,1,,1,[],True,False,0,,,,قابلیت: نیاز به به‌روزرسانی مشترک درست شناخته شده، اما اجرای یک‌بار برای همهٔ نشست‌ها و شرط مشاهدهٔ یکسان نتایج به پیشنهاد نهایی تبدیل نشده‌اند. پرسیدن برنامهٔ آینده از گزارشگر جای پیشنهاد را نمی‌گیرد.,دستیار هوش مصنوعیِ مشارکت‌کننده در پیاده‌سازی
GH17195,previous,2718f9a1be7f25d88864df667b1aff77f796c239ef6303308732930b5240f304,0,0,True,0,[1],,,,True,,,تکرار: گزارش صریحاً خالی‌شدن وضعیت و باقی‌ماندن انتخاب نمایشی را گفته و کد نمایش selection را دارد؛ پاسخ همان نتیجه را دوباره می‌خواهد. مثال پروندهٔ دیگر این پرسش یا علت را پشتیبانی نمی‌کند.,دستیار هوش مصنوعیِ مشارکت‌کننده در پیاده‌سازی
GH17195,revised,0e943cea2e2ff9611bdafebe9a9b2e17250181508991f8b7836bfa92bac0b12a,1,1,,1,[],,,,,,,ارجاع: محیط و مسئلهٔ درست حفظ شده‌اند، اما گام بعد عمومی است. پیش‌نویس آزمایش نسخهٔ 1.57.0 می‌تواند مفید باشد، ولی استدلال حذف کلید و فرضیهٔ بی‌پیوند، کل پیش‌نویس را معتبر نمی‌کنند.,دستیار هوش مصنوعیِ مشارکت‌کننده در پیاده‌سازی
GH17234,previous,ef2cb2cd39e525d820699a7decfa0b89ec8bc5e991c4c46e7a866d5707738745,0,0,True,0,[0],,,,True,,,تکرار: کد کامل تک‌خطی، تفاوت فایل و پوشه، مرورگرها و مرز نسخه موجود است؛ درخواست دوبارهٔ نمونهٔ کامل تمایز مشخصی ندارد. شاهد ذخیرهٔ RAM علت حذف ini در پوشه را پشتیبانی نمی‌کند.,دستیار هوش مصنوعیِ مشارکت‌کننده در پیاده‌سازی
GH17234,revised,25750ade4e88dad349f346e8275253b8343a55cbaa3ea7d6620f4570575e25ff,1,1,,1,[],,,,,,,ارجاع: نسخه و مرورگر و نوع فایل درست حفظ شده، اما مقایسهٔ Firefox و آپلود تکی در آزمایش‌ها نیامده است. درخواست لاگِ پیش‌نویس بالقوه مفید است، ولی فرضیهٔ شروع خطا از نسخهٔ Chrome 155 از گزارش نتیجه نمی‌شود.,دستیار هوش مصنوعیِ مشارکت‌کننده در پیاده‌سازی
GH17265,previous,88673819fa6ebdbbf2e27c8233b82e8bcea9da8a9eee318db8082e4eb9367b80,1,2,False,2,[1],,,,False,,,پرسش: کد بازتولید واقعاً خالی است و درخواست کدِ دریافت هرثانیه تازه و مشخص است. بااین‌حال، متن تاریخیِ توصیهٔ به‌روزرسانی و انتشار patch به رفع تأییدشدهٔ خطاهای مشابه تعبیر شده؛ این بخش فقط پشتیبانی جزئی دارد.,دستیار هوش مصنوعیِ مشارکت‌کننده در پیاده‌سازی
GH17265,revised,350c2e5c1bbf9c0e18bec8f26936df9468a7fc6756938e1b75d5c533ee9198f8,1,1,,1,[],False,True,,,,,ارجاع: با وجود امکان درخواست کد مفقود، خطای قرارداد به گام عمومی برای نگه‌دارنده منتهی شده است. پیش‌نویس کد و اجرای طولانی را یکجا می‌خواهد و فرضیهٔ قطع WebSocket را بی‌پشتیبانی اضافه می‌کند.,دستیار هوش مصنوعیِ مشارکت‌کننده در پیاده‌سازی
