case_id,variant,response_sha256,utility,unnecessary_escalation,repeated_question_or_experiment,version_fit,citation_support,reason,reviewer
GH16085,previous,4bfc152d5f69060e39e51631d18c6decb59d0f0d860d550e3ddfc4d5f4ca24c9,,,,,,,
GH16149,previous,662a527654b03067fe9fd6a6ce44b96e1e77127660c80286445fdf5756c26942,,,,,,,
GH16149,revised,6217a303e82bd56cc9ed1a4b2f95f487ea8dfe62a241e3dc44c167873ce4cfce,,,,,,,
GH16481,previous,662a527654b03067fe9fd6a6ce44b96e1e77127660c80286445fdf5756c26942,,,,,,,
GH16481,revised,325381850b1eb54c3cd4fa3baaf466101bb37c2f858ca489bd0950670175f9d8,,,,,,,
GH16631,previous,8c2f2e2fa9ef404d7fac59e67ccd90f3b09dfc912afb03de15fb6a0012adb2a9,,,,,,,
GH16631,revised,3ca5c1daca3de5569f6393558f2e9c4052ee4b65c388709f0753475b64fd3ba3,,,,,,,
GH16691,previous,662a527654b03067fe9fd6a6ce44b96e1e77127660c80286445fdf5756c26942,,,,,,,
GH16691,revised,43c4c23740db2acefdf08068428faca58604967ea8d0633ad2a9dd06735be78f,,,,,,,
GH16773,previous,ef7db8b26952fed09eba108aa4b2064185a8e6a8f5da0d97fc7de91d9de8fac8,,,,,,,
GH16773,revised,eb2503ea321268c8a8eff9767d3c0ee101d686bad2cd90f5bd3c54e5c793dc6b,,,,,,,
GH16888,previous,662a527654b03067fe9fd6a6ce44b96e1e77127660c80286445fdf5756c26942,,,,,,,
GH16888,revised,86f84ab57738827b4aca8e23c6780480e1759176e89281cd880f9915770c3f0e,,,,,,,
GH17006,previous,662a527654b03067fe9fd6a6ce44b96e1e77127660c80286445fdf5756c26942,,,,,,,
GH17006,revised,5d87bacbfae07ea950660b996b9daf1e9d868998b664f11a40956b078c45bce9,,,,,,,
GH17011,previous,d97a5a2f9902bf73b8a90f477e2ab4fac60e162ef1b054fca55237e8325c40b8,,,,,,,
GH17011,revised,7c155a1f7bfed5d6df7bb2e63e2ed0a2d03c55f5ccb4b660f5981599e0bdc72b,,,,,,,
GH17127,previous,662a527654b03067fe9fd6a6ce44b96e1e77127660c80286445fdf5756c26942,,,,,,,
GH17127,revised,d92d5fe2eeb874c24a1cc88667474f657098f9335dcea0e10cc6dd5108d39d05,,,,,,,
GH17133,previous,662a527654b03067fe9fd6a6ce44b96e1e77127660c80286445fdf5756c26942,,,,,,,
GH17133,revised,36fa8eb8876b4bb02d74560f1e5b7c5030b8762636c0e9f4ee4eda0c71482334,,,,,,,
GH17142,previous,b9ae148d262358e8748f540811537f46be46b56cdbefb44b49ae0181a9519b17,,,,,,,
GH17142,revised,da830c1594b14f9a054fdcfc389a8a98fc159c237608a0cb2de3c8daa745fb58,,,,,,,
GH17195,previous,2718f9a1be7f25d88864df667b1aff77f796c239ef6303308732930b5240f304,,,,,,,
GH17195,revised,0e943cea2e2ff9611bdafebe9a9b2e17250181508991f8b7836bfa92bac0b12a,,,,,,,
GH17234,previous,ef2cb2cd39e525d820699a7decfa0b89ec8bc5e991c4c46e7a866d5707738745,,,,,,,
GH17234,revised,25750ade4e88dad349f346e8275253b8343a55cbaa3ea7d6620f4570575e25ff,,,,,,,
GH17265,previous,88673819fa6ebdbbf2e27c8233b82e8bcea9da8a9eee318db8082e4eb9367b80,,,,,,,
GH17265,revised,350c2e5c1bbf9c0e18bec8f26936df9468a7fc6756938e1b75d5c533ee9198f8,,,,,,,
