id,split,type,variant,recall_at_k,ndcg_at_k,judgment_coverage,judged_irrelevant_fraction,unknown_versions,candidate_witness_coverage_at_k,context_witness_coverage,context_tokens,context_judgment_coverage,context_judged_irrelevant_fraction,known_version_mismatches
D01,dev,bug,A,0.0,0.3364576504724476,1.0,0.4,5,0.0,0.0,1908,1.0,0.4,0
D01,dev,bug,B,0.0,0.46071550241189013,1.0,0.2,5,0.0,0.0,2138,1.0,0.2,0
D01,dev,bug,C,0.0,0.46071550241189013,1.0,0.2,5,0.0,0.0,2679,1.0,0.2,0
D02,dev,usage_question,A,1.0,0.582375637749939,1.0,0.6,3,1.0,1.0,1290,1.0,0.6,0
D02,dev,usage_question,B,1.0,0.583594006007612,1.0,0.2,4,1.0,1.0,2137,1.0,0.2,0
D02,dev,usage_question,C,1.0,0.583594006007612,1.0,0.2,4,1.0,1.0,2687,0.8,0.25,0
D03,dev,feature_request,A,,0.7227265726449519,1.0,0.4,5,,,1170,1.0,0.4,0
D03,dev,feature_request,B,,0.6992148198508501,1.0,0.4,5,,,1376,1.0,0.4,0
D03,dev,feature_request,C,,0.6992148198508501,1.0,0.4,5,,,1376,1.0,0.4,0
D04,dev,bug,A,1.0,0.3670732864489143,1.0,0.6,5,0.0,0.0,1253,1.0,0.6,0
D04,dev,bug,B,1.0,0.5524155465547719,1.0,0.6,5,0.0,0.0,1938,1.0,0.6,0
D04,dev,bug,C,1.0,0.5524155465547719,1.0,0.6,5,0.0,0.0,1938,1.0,0.6,0
D05,dev,unknown,A,,,1.0,1.0,5,,,888,1.0,1.0,0
D05,dev,unknown,B,,,1.0,1.0,5,,,1632,1.0,1.0,0
D05,dev,unknown,C,,,1.0,1.0,5,,,1632,1.0,1.0,0
D06,dev,usage_question,A,1.0,0.6762134226951657,1.0,0.4,5,1.0,1.0,1471,1.0,0.4,0
D06,dev,usage_question,B,1.0,0.6556707338870036,1.0,0.2,5,1.0,1.0,2019,1.0,0.2,0
D06,dev,usage_question,C,1.0,0.6556707338870036,1.0,0.2,5,1.0,1.0,2541,1.0,0.2,0
D07,dev,usage_question,A,1.0,0.6454174924602561,1.0,0.0,3,1.0,1.0,1948,1.0,0.0,0
D07,dev,usage_question,B,1.0,0.5878439734558935,1.0,0.0,3,1.0,1.0,2352,1.0,0.0,0
D07,dev,usage_question,C,1.0,0.5878439734558935,1.0,0.0,3,1.0,1.0,2992,1.0,0.0,0
D08,dev,usage_question,A,1.0,,0.8,0.25,5,1.0,1.0,1814,0.8,0.25,0
D08,dev,usage_question,B,1.0,0.6878525247697118,1.0,0.2,5,1.0,1.0,1885,1.0,0.2,0
D08,dev,usage_question,C,1.0,0.6878525247697118,1.0,0.2,5,1.0,1.0,2412,1.0,0.2,0
D09,dev,bug,A,1.0,0.7027197006669801,1.0,0.0,5,1.0,1.0,2098,1.0,0.0,0
D09,dev,bug,B,1.0,0.7027197006669801,1.0,0.0,5,1.0,1.0,1980,1.0,0.0,0
D09,dev,bug,C,1.0,0.7027197006669801,1.0,0.0,5,1.0,1.0,2387,1.0,0.0,0
D10,dev,usage_question,A,1.0,,0.6,0.3333333333333333,5,1.0,1.0,1940,0.6,0.3333333333333333,0
D10,dev,usage_question,B,1.0,,0.6,0.3333333333333333,5,1.0,1.0,2262,0.6,0.3333333333333333,0
D10,dev,usage_question,C,1.0,,0.6,0.3333333333333333,5,1.0,1.0,2496,0.6,0.3333333333333333,0
D11,dev,usage_question,A,1.0,0.35347610313305006,1.0,0.2,5,0.0,0.0,1521,1.0,0.2,0
D11,dev,usage_question,B,1.0,0.35347610313305006,1.0,0.2,5,1.0,1.0,2081,1.0,0.2,0
D11,dev,usage_question,C,1.0,0.35347610313305006,1.0,0.2,5,1.0,1.0,2608,1.0,0.2,0
D12,dev,usage_question,A,1.0,0.9578347709816888,1.0,0.0,3,0.0,0.0,2143,1.0,0.0,0
D12,dev,usage_question,B,1.0,,0.8,0.0,3,0.0,0.0,2288,0.8,0.0,0
D12,dev,usage_question,C,1.0,,0.8,0.0,2,0.0,0.0,2789,0.75,0.0,0
H01,holdout,usage_question,A,1.0,0.5982391060766458,1.0,0.2,5,1.0,1.0,1564,1.0,0.2,0
H01,holdout,usage_question,B,1.0,0.5773721989562591,1.0,0.4,5,1.0,1.0,1981,1.0,0.4,0
H01,holdout,usage_question,C,1.0,0.5773721989562591,1.0,0.4,5,1.0,1.0,2103,1.0,0.4,0
H02,holdout,usage_question,A,0.0,0.5531464700081437,1.0,0.6,5,0.0,0.0,1595,1.0,0.6,0
H02,holdout,usage_question,B,0.0,0.6992148198508501,1.0,0.4,5,0.0,0.0,2027,1.0,0.4,0
H02,holdout,usage_question,C,0.0,0.6992148198508501,1.0,0.4,5,0.0,0.0,2256,1.0,0.6,0
H03,holdout,bug,A,1.0,0.605579606699702,1.0,0.2,5,1.0,1.0,1758,1.0,0.2,0
H03,holdout,bug,B,1.0,0.605579606699702,1.0,0.2,5,1.0,1.0,2047,1.0,0.2,0
H03,holdout,bug,C,1.0,0.605579606699702,1.0,0.2,5,1.0,1.0,2627,1.0,0.2,0
H04,holdout,feature_request,A,,0.8539316501572937,1.0,0.2,5,,,1576,1.0,0.2,0
H04,holdout,feature_request,B,,0.830419897363192,1.0,0.2,5,,,2038,1.0,0.2,0
H04,holdout,feature_request,C,,0.830419897363192,1.0,0.2,5,,,2038,1.0,0.2,0
H05,holdout,mixed,A,1.0,0.6011647836954404,1.0,0.2,5,0.0,0.0,1510,1.0,0.2,0
H05,holdout,mixed,B,1.0,0.6886348353703349,1.0,0.2,5,0.0,0.0,2348,1.0,0.2,0
H05,holdout,mixed,C,1.0,0.6886348353703349,1.0,0.2,5,0.0,0.0,2937,1.0,0.2,0
H06,holdout,unknown,A,,,1.0,1.0,5,,,1397,1.0,1.0,0
H06,holdout,unknown,B,,,1.0,1.0,5,,,1986,1.0,1.0,0
H06,holdout,unknown,C,,,1.0,1.0,5,,,1986,1.0,1.0,0
H07,holdout,usage_question,A,1.0,0.600045995599026,1.0,0.2,4,1.0,1.0,1576,1.0,0.2,0
H07,holdout,usage_question,B,1.0,0.6243301834327712,1.0,0.0,3,1.0,1.0,2423,1.0,0.0,0
H07,holdout,usage_question,C,1.0,0.6243301834327712,1.0,0.0,3,1.0,1.0,2778,1.0,0.0,0
H08,holdout,usage_question,A,0.0,0.5356272360724902,1.0,0.2,5,0.0,0.0,1727,1.0,0.2,0
H08,holdout,usage_question,B,1.0,0.5301679346218345,1.0,0.2,5,0.0,0.0,2050,1.0,0.2,0
H08,holdout,usage_question,C,1.0,0.5301679346218345,1.0,0.2,5,0.0,0.0,2281,1.0,0.2,0
H09,holdout,usage_question,A,1.0,0.6506959916764471,1.0,0.2,5,1.0,1.0,1633,1.0,0.2,0
H09,holdout,usage_question,B,1.0,0.6506959916764471,1.0,0.2,5,1.0,1.0,2084,1.0,0.2,0
H09,holdout,usage_question,C,1.0,0.6506959916764471,1.0,0.2,5,1.0,1.0,2084,1.0,0.2,0
H10,holdout,bug,A,1.0,0.6551113616068248,1.0,0.2,5,1.0,1.0,1184,1.0,0.2,0
H10,holdout,bug,B,1.0,0.6256036515865966,1.0,0.4,5,1.0,1.0,1696,1.0,0.4,0
H10,holdout,bug,C,1.0,0.6256036515865966,1.0,0.4,5,1.0,1.0,1696,1.0,0.4,0
H11,holdout,usage_question,A,1.0,0.3806788945183746,1.0,0.4,5,0.0,0.0,1384,1.0,0.4,0
H11,holdout,usage_question,B,1.0,0.7277614764279109,1.0,0.6,5,1.0,1.0,1844,1.0,0.6,0
H11,holdout,usage_question,C,1.0,0.7277614764279109,1.0,0.6,5,1.0,1.0,1844,1.0,0.6,0
H12,holdout,usage_question,A,1.0,0.8687949224876582,1.0,0.2,5,0.0,0.0,1850,1.0,0.2,0
H12,holdout,usage_question,B,1.0,1.0,1.0,0.0,5,0.0,0.0,2238,1.0,0.0,0
H12,holdout,usage_question,C,1.0,1.0,1.0,0.0,5,0.0,0.0,2776,1.0,0.0,0
