case_id,split,method,category,decision,validation_error,source_recall_at_5,decision_in_allowed_set,input_tokens,output_tokens,cost_usd,latency_seconds
GH9218,dev,baseline,answerable,answer,,0.0,True,1884,310,0.00137456,3.203904
GH11528,dev,baseline,ambiguous,answer,,0.0,False,2077,394,0.0016073200000000002,4.113503
GH12150,dev,baseline,ambiguous,ask,,0.0,True,2217,292,0.0014894,3.010265
GH12432,dev,baseline,ambiguous,ask,,0.0,True,3124,393,0.0020662399999999996,3.352584
GH12607,dev,baseline,answerable,answer,,0.0,True,3506,374,0.00220088,3.655392
GH13002,dev,baseline,escalate,ask,,0.5,True,2515,406,0.0018211599999999998,3.631693
GH14593,dev,baseline,ambiguous,answer,,0.5,False,4921,399,0.0028674800000000004,3.936451
GH14639,dev,baseline,ambiguous,answer,,1.0,False,4667,263,0.00251636,3.183339
GH14710,dev,baseline,ambiguous,ask,,0.0,True,4990,559,0.00317944,4.376671
GH14793,dev,baseline,answerable,escalate,invalid_citation,0.0,False,2733,448,0.001991,3.42371
GH16388,dev,baseline,ambiguous,answer,,0.0,False,2663,354,0.00179476,3.293145
GH16732,dev,baseline,ambiguous,answer,,1.0,False,5126,385,0.00293304,3.589656
GH17093,dev,baseline,ambiguous,answer,,0.0,False,2326,348,0.0016359200000000001,3.033422
GH17119,dev,baseline,ambiguous,ask,,0.0,True,2474,370,0.00173976,3.762894
GH17250,dev,baseline,escalate,ask,,0.0,True,3983,671,0.00293348,5.521918
GH9218,dev,final,answerable,answer,,1.0,True,2900,400,0.00198,4.300158
GH11528,dev,final,ambiguous,answer,,1.0,False,3231,450,0.0022136400000000002,3.720214
GH12150,dev,final,ambiguous,ask,,1.0,True,3027,446,0.00211684,3.441469
GH12432,dev,final,ambiguous,ask,,1.0,True,3500,347,0.00215072,4.80033
GH12607,dev,final,answerable,answer,,1.0,True,4766,427,0.00284856,3.824504
GH13002,dev,final,escalate,ask,,1.0,True,3221,381,0.0020878000000000003,3.952701
GH14593,dev,final,ambiguous,answer,,1.0,False,4969,407,0.0029026800000000004,4.78964
GH14639,dev,final,ambiguous,answer,,1.0,False,4592,490,0.00288288,5.577714
GH14710,dev,final,ambiguous,answer,,0.5,False,6006,431,0.0034011999999999996,5.715465
GH14793,dev,final,answerable,ask,,0.5,True,3539,514,0.0024618,7.384121
GH16388,dev,final,ambiguous,answer,,1.0,False,3996,388,0.0024411199999999997,4.763736
GH16732,dev,final,ambiguous,ask,,1.0,True,4989,517,0.00310508,6.668039
GH17093,dev,final,ambiguous,ask,,1.0,True,3289,440,0.00222156,4.743836
GH17119,dev,final,ambiguous,escalate,invalid_citation,1.0,True,3337,441,0.00224444,5.248042
GH17250,dev,final,escalate,ask,,1.0,True,4149,529,0.0027566,5.780609
GH7336,test,baseline,ambiguous,ask,,0.0,True,3803,366,0.0023174800000000002,4.522479
GH10701,test,baseline,escalate,answer,,0.0,False,1807,213,0.00116996,2.799293
GH8608,test,baseline,ambiguous,ask,,0.0,True,2075,377,0.0015765199999999999,4.271795
GH16474,test,baseline,ambiguous,answer,,0.0,False,2843,384,0.0019267600000000002,4.581363
GH16375,test,baseline,escalate,answer,,0.5,False,3540,408,0.00227568,4.710294
GH16495,test,baseline,escalate,ask,,0.0,True,2237,356,0.00161084,4.332131
GH2311,test,baseline,ambiguous,ask,,0.0,True,3255,410,0.0021538,7.505855
GH3122,test,baseline,answerable,answer,,0.0,True,2648,311,0.00171248,3.68011
GH8151,test,baseline,escalate,ask,,0.0,True,1505,310,0.0012078000000000002,3.460193
GH6182,test,baseline,ambiguous,answer,,0.5,False,3085,391,0.00204556,4.225043
GH6215,test,baseline,escalate,ask,,,True,3201,371,0.0020614,4.083531
GH6109,test,baseline,ambiguous,answer,,0.0,False,1713,302,0.00128524,5.289894
GH6525,test,baseline,answerable,ask,,0.0,True,2067,364,0.0015501199999999999,4.362496
GH6237,test,baseline,ambiguous,ask,,0.0,True,1751,367,0.0014163600000000002,3.745512
GH8815,test,baseline,escalate,ask,,0.0,True,1528,308,0.0012144,5.010064
GH7336,test,final,ambiguous,ask,,1.0,True,4202,423,0.0025933600000000003,14.957324
GH10701,test,final,escalate,escalate,,0.5,True,2792,300,0.00175648,5.411237
GH8608,test,final,ambiguous,escalate,invalid_citation,0.5,True,2108,450,0.00171952,5.208706
GH16474,test,final,ambiguous,escalate,,0.0,True,3414,422,0.0022448800000000003,6.354195
GH16375,test,final,escalate,answer,,1.0,False,3881,469,0.00253308,6.512222
GH16495,test,final,escalate,escalate,,0.0,True,3491,325,0.00210804,4.425082
GH2311,test,final,ambiguous,ask,,1.0,True,4156,456,0.0026312,5.540901
GH3122,test,final,answerable,ask,,0.5,True,3108,449,0.0021577600000000003,5.632926
GH8151,test,final,escalate,ask,,1.0,True,2537,387,0.0017974,5.559387
GH6182,test,final,ambiguous,answer,,1.0,False,3324,388,0.00214544,4.384894
GH6215,test,final,escalate,ask,,,True,3806,303,0.00220792,3.786259
GH6109,test,final,ambiguous,ask,,1.0,True,2929,443,0.00206844,5.140023
GH6525,test,final,answerable,answer,,0.5,True,3024,345,0.00193776,4.29117
GH6237,test,final,ambiguous,answer,,1.0,False,4094,277,0.00228888,4.142294
GH8815,test,final,escalate,ask,,1.0,True,2818,435,0.00200552,6.096391
